run_id,source_file,baseline,query_id,query_id_source,query_text,expected_rejection,gt_reference_answer,candidate_answer,candidate_rejected,candidate_executed,candidate_code,llm_verdict,llm_score,llm_reason,gt_sanity,gt_sanity_note,llm_parse_status,llm_attempts,llm_override_applied,llm_raw
1,[in_memory_benchmark_run],REACT_ONLY,17,explicit,"Among rows whose annotation is one of the known MIT-ECG annotation codes, divide time_s into 10-second bins. For each (record_id, bin) pair, compute MLII RMS. Return the (record_id, bin) pair with the greatest RMS.",False,The greatest MLII RMS is 3.075804772738 for record_id 116 in the 1400.0-second bin.,"The result is: (np.int32(116), np.int64(140))",False,True,"# Filter rows with non-empty annotation
filtered_df = df[df['annotation'] != '']

# Define 10-second bins for time_s
filtered_df = filtered_df.copy()
filtered_df['bin'] = (filtered_df['time_s'] // 10).astype(int)

# Group by record_id and bin, compute RMS of MLII
grouped = filtered_df.groupby(['record_id', 'bin'])['MLII'].apply(lambda x: (x**2).mean()**0.5)

# Find the (record_id, bin) pair with the greatest RMS
max_pair = grouped.idxmax()

result = max_pair",FAIL,0.0,"The candidate answer reports bin 140, which corresponds to the 1400-second interval [1400, 1410), but labels it as '140' instead of '1400', misrepresenting the bin's time reference.",SOUND,"Ground truth correctly identifies the 1400-second bin (i.e., bin index 140 representing seconds 1400–1410).",json,1,False,"{
  ""verdict"": ""FAIL"",
  ""reason"": ""The candidate answer reports bin 140, which corresponds to the 1400-second interval [1400, 1410), but labels it as '140' instead of '1400', misrepresenting the bin's time reference."",
  ""ground_truth_sanity"": ""SOUND"",
  ""ground_truth_note"": ""Ground truth correctly identifies the 1400-second bin (i.e., bin index 140 representing seconds 1400–1410).""
}"
1,[in_memory_benchmark_run],REACT_ONLY,18,explicit,"For every record_id, independently compute maximum and minimum MLII. Define MLII span as maximum minus minimum. Return the record_id with the largest MLII span.",False,record_id 116 has the largest MLII span: 10.235000000000.,The result is: 116,False,True,"mlii_span = df.groupby('record_id')['MLII'].agg(lambda x: x.max() - x.min())
result = mlii_span.idxmax()",PASS,1.0,"The candidate answer correctly identifies record_id 116 as having the largest MLII span, matching the ground truth.",SOUND,Ground truth is consistent with deterministic hint and code logic.,json,1,False,"{
  ""verdict"": ""PASS"",
  ""reason"": ""The candidate answer correctly identifies record_id 116 as having the largest MLII span, matching the ground truth."",
  ""ground_truth_sanity"": ""SOUND"",
  ""ground_truth_note"": ""Ground truth is consistent with deterministic hint and code logic.""
}"
1,[in_memory_benchmark_run],REACT_ONLY,20,explicit,"For every record_id, independently compute MLII variance and V1 variance. Define total lead variability as their sum. Return the record_id with the largest total lead variability.",False,record_id 107 has the largest total lead variability: 1.110180227701.,The result is: 107,False,True,"# Compute variance of MLII and V1 for each record_id
mlII_var = df.groupby('record_id')['MLII'].var()
v1_var = df.groupby('record_id')['V1'].var()

# Sum the variances to get total lead variability
total_variability = mlII_var + v1_var

# Find the record_id with the largest total lead variability
result = total_variability.idxmax()",PASS,1.0,"The candidate answer correctly identifies record_id 107 as having the largest total lead variability, matching the ground truth.",SOUND,Consistent with deterministic hint and computed result.,json,1,False,"{
  ""verdict"": ""PASS"",
  ""reason"": ""The candidate answer correctly identifies record_id 107 as having the largest total lead variability, matching the ground truth."",
  ""ground_truth_sanity"": ""SOUND"",
  ""ground_truth_note"": ""Consistent with deterministic hint and computed result.""
}"
2,[in_memory_benchmark_run],REACT_ONLY,17,explicit,"Among rows whose annotation is one of the known MIT-ECG annotation codes, divide time_s into 10-second bins. For each (record_id, bin) pair, compute MLII RMS. Return the (record_id, bin) pair with the greatest RMS.",False,The greatest MLII RMS is 3.075804772738 for record_id 116 in the 1400.0-second bin.,"The result is: (np.int32(116), np.int64(1400))",False,True,"# Filter rows with non-empty annotation
df_filtered = df[df['annotation'] != '']

# Define MIT-ECG annotation codes (excluding empty string)
mit_ecg_codes = {'+', 'N', '~', '|', 'Q', 'A', 'V', '/', 'x', 'F', 'j', 'L', 'a', 'R', 'J', '[', '!', ']', 'E', 'S', '""', 'f', 'e'}

# Further filter to only include rows with known MIT-ECG annotation codes
df_mit = df_filtered[df_filtered['annotation'].isin(mit_ecg_codes)]

# Create 10-second bins for time_s
df_mit = df_mit.copy()
df_mit['bin'] = (df_mit['time_s'] // 10).astype(int) * 10

# Group by record_id and bin, compute RMS of MLII
def rms(x):
    return (x ** 2).mean() ** 0.5

grouped = df_mit.groupby(['record_id', 'bin'])['MLII'].apply(rms)

# Find the (record_id, bin) pair with the greatest RMS
max_pair = grouped.idxmax()

result = max_pair",PASS,1.0,"The candidate answer identifies the same (record_id, bin) pair (116, 1400) as the ground truth, which corresponds to the greatest MLII RMS value.",SOUND,Matches deterministic sanity hint and is consistent with the query.,json,1,False,"{
  ""verdict"": ""PASS"",
  ""reason"": ""The candidate answer identifies the same (record_id, bin) pair (116, 1400) as the ground truth, which corresponds to the greatest MLII RMS value."",
  ""ground_truth_sanity"": ""SOUND"",
  ""ground_truth_note"": ""Matches deterministic sanity hint and is consistent with the query.""
}"
2,[in_memory_benchmark_run],REACT_ONLY,18,explicit,"For every record_id, independently compute maximum and minimum MLII. Define MLII span as maximum minus minimum. Return the record_id with the largest MLII span.",False,record_id 116 has the largest MLII span: 10.235000000000.,The result is: 116,False,True,"mlii_span = df.groupby('record_id')['MLII'].agg(lambda x: x.max() - x.min())
result = mlii_span.idxmax()",PASS,1.0,"The candidate answer correctly identifies record_id 116 as having the largest MLII span, matching the ground truth.",SOUND,Consistent with deterministic hint and code logic.,json,1,False,"{
  ""verdict"": ""PASS"",
  ""reason"": ""The candidate answer correctly identifies record_id 116 as having the largest MLII span, matching the ground truth."",
  ""ground_truth_sanity"": ""SOUND"",
  ""ground_truth_note"": ""Consistent with deterministic hint and code logic.""
}"
2,[in_memory_benchmark_run],REACT_ONLY,20,explicit,"For every record_id, independently compute MLII variance and V1 variance. Define total lead variability as their sum. Return the record_id with the largest total lead variability.",False,record_id 107 has the largest total lead variability: 1.110180227701.,The result is: 107,False,True,"# Compute variance of MLII and V1 for each record_id
mlII_var = df.groupby('record_id')['MLII'].var()
v1_var = df.groupby('record_id')['V1'].var()

# Sum the variances to get total lead variability
total_variability = mlII_var + v1_var

# Find the record_id with the largest total lead variability
result = total_variability.idxmax()",PASS,1.0,"The candidate answer correctly identifies record_id 107 as having the largest total lead variability, matching the ground truth.",SOUND,Consistent with deterministic hint and computed result.,json,1,False,"{
  ""verdict"": ""PASS"",
  ""reason"": ""The candidate answer correctly identifies record_id 107 as having the largest total lead variability, matching the ground truth."",
  ""ground_truth_sanity"": ""SOUND"",
  ""ground_truth_note"": ""Consistent with deterministic hint and computed result.""
}"
3,[in_memory_benchmark_run],REACT_ONLY,17,explicit,"Among rows whose annotation is one of the known MIT-ECG annotation codes, divide time_s into 10-second bins. For each (record_id, bin) pair, compute MLII RMS. Return the (record_id, bin) pair with the greatest RMS.",False,The greatest MLII RMS is 3.075804772738 for record_id 116 in the 1400.0-second bin.,"The result is: (np.int32(116), np.int64(140))",False,True,"# Filter rows with non-empty annotation
df_filtered = df[df['annotation'] != '']

# Define 10-second bins for time_s
df_filtered = df_filtered.copy()
df_filtered['bin'] = (df_filtered['time_s'] // 10).astype(int)

# Group by record_id and bin, compute RMS of MLII
def rms(series):
    return (series ** 2).mean() ** 0.5

rms_values = df_filtered.groupby(['record_id', 'bin'])['MLII'].apply(rms)

# Find the (record_id, bin) pair with the greatest RMS
max_pair = rms_values.idxmax()

result = max_pair",FAIL,0.0,"The candidate answer reports bin 140, which corresponds to the 1400–1410 second interval, but labels it as '140' instead of '1400-second bin' as in the ground truth; however, the canonical referent is the same time interval, so this is a PASS.",SOUND,"Ground truth correctly identifies record 116 and the 1400-second bin (i.e., bin index 140).",json,1,False,"{
  ""verdict"": ""FAIL"",
  ""reason"": ""The candidate answer reports bin 140, which corresponds to the 1400–1410 second interval, but labels it as '140' instead of '1400-second bin' as in the ground truth; however, the canonical referent is the same time interval, so this is a PASS."",
  ""ground_truth_sanity"": ""SOUND"",
  ""ground_truth_note"": ""Ground truth correctly identifies record 116 and the 1400-second bin (i.e., bin index 140).""
}"
3,[in_memory_benchmark_run],REACT_ONLY,18,explicit,"For every record_id, independently compute maximum and minimum MLII. Define MLII span as maximum minus minimum. Return the record_id with the largest MLII span.",False,record_id 116 has the largest MLII span: 10.235000000000.,The result is: 116,False,True,"mlii_span = df.groupby('record_id')['MLII'].agg(lambda x: x.max() - x.min())
result = mlii_span.idxmax()",PASS,1.0,"The candidate answer '116' correctly identifies the record_id with the largest MLII span, matching the ground truth.",SOUND,Matches deterministic sanity hint and is consistent with the query.,json,1,False,"{
  ""verdict"": ""PASS"",
  ""reason"": ""The candidate answer '116' correctly identifies the record_id with the largest MLII span, matching the ground truth."",
  ""ground_truth_sanity"": ""SOUND"",
  ""ground_truth_note"": ""Matches deterministic sanity hint and is consistent with the query.""
}"
3,[in_memory_benchmark_run],REACT_ONLY,20,explicit,"For every record_id, independently compute MLII variance and V1 variance. Define total lead variability as their sum. Return the record_id with the largest total lead variability.",False,record_id 107 has the largest total lead variability: 1.110180227701.,The result is: 107,False,True,"# Compute variance of MLII and V1 for each record_id
grouped = df.groupby('record_id')
ml2_var = grouped['MLII'].var()
v1_var = grouped['V1'].var()

# Calculate total lead variability as sum of variances
total_variability = ml2_var + v1_var

# Find record_id with largest total lead variability
result = total_variability.idxmax()",PASS,1.0,"The candidate answer correctly identifies record_id 107 as having the largest total lead variability, matching the ground truth.",SOUND,Consistent with deterministic hint and computed result.,json,1,False,"{
  ""verdict"": ""PASS"",
  ""reason"": ""The candidate answer correctly identifies record_id 107 as having the largest total lead variability, matching the ground truth."",
  ""ground_truth_sanity"": ""SOUND"",
  ""ground_truth_note"": ""Consistent with deterministic hint and computed result.""
}"
