source_file,baseline,query_id,query_id_source,query_text,expected_rejection,gt_reference_answer,candidate_answer,candidate_rejected,candidate_executed,candidate_code,llm_verdict,llm_score,llm_reason,gt_sanity,gt_sanity_note,llm_parse_status,llm_attempts,llm_override_applied,llm_raw
[in_memory_benchmark_run],FF_NO_PLANNING,1,explicit,What is the maximum recorded x-acceleration for user 15?,False,Maximum x-acceleration for user 15 is 19.5700.,The result is 19.57,False,True,"df = df[df['subject_id'].isin([15])]
result = df['x'].max()",PASS,1.0,Candidate answer matches ground truth,SOUND,Valid numeric value,json,1,False,"```json
{
  ""verdict"": ""PASS"",
  ""reason"": ""Candidate answer matches ground truth"",
  ""ground_truth_sanity"": ""SOUND"",
  ""ground_truth_note"": ""Valid numeric value""
}
```"
[in_memory_benchmark_run],FF_NO_PLANNING,5,explicit,"Compare the overall acceleration magnitude between dynamic (walking,jogging,upstairs,downstairs) and resting (sitting,standing) states.",False,"Average magnitude for dynamic activities (walking,jogging,upstairs,downstairs) is 11.9625; resting activities (sitting,standing) is 9.8328; difference (dynamic-resting) is 2.1297.","The result is {'higher': 'dynamic', 'lower': 'resting', 'metric': 'mean acceleration_magnitude', 'dynamic': 11.962538760453763, 'resting': 9.8327917626509, 'difference': 2.1297469978028634}",False,True,"df['acceleration_magnitude'] = (df['x']**2 + df['y']**2 + df['z']**2)**0.5
dynamic = df[df['activity_label'].isin(['Downstairs', 'Jogging', 'Upstairs', 'Walking'])]
resting = df[df['activity_label'].isin(['Sitting', 'Standing'])]
result = {label: agg(partition) for label in partitions}
result = compare(dynamic, resting, mode='difference')",PASS,1.0,Candidate answer matches ground truth numerically and semantically.,SOUND,Ground truth provides clear numeric values for comparison.,json,1,False,"```json
{
  ""verdict"": ""PASS"",
  ""reason"": ""Candidate answer matches ground truth numerically and semantically."",
  ""ground_truth_sanity"": ""SOUND"",
  ""ground_truth_note"": ""Ground truth provides clear numeric values for comparison.""
}
```"
