baseline,dataset,mean,std,n_runs
FLASH_FUSION,bus,218.73991750000002,46.68329693586906,3
FF_NO_PRUNING,bus,119.69206249999979,3.7639686307133875,3
FF_NO_PLANNING,bus,120.53422083333284,3.566833938179933,3
FLASH_FUSION,wisdm,145.4474775,13.898214969688334,3
FF_NO_PRUNING,wisdm,114.60744374999977,5.424908702857446,3
FF_NO_PLANNING,wisdm,110.4290358333331,13.046601351217701,3
FLASH_FUSION,ecg,290.64269,4.506214138894761,3
FF_NO_PRUNING,ecg,125.63104916666667,21.062165223054635,3
FF_NO_PLANNING,ecg,131.94361458333336,29.502243478767546,3
